effective,table_year,age,life_expectancy,T,source
2024-11-26,111,60,23.47,23,勞保局 0018437 附件：111 年全國簡易生命表的平均餘命（勞退條例第 23 條、施行細則第 31 條；至少每 3 年檢討）。生效日未查到公告，以 2024-11-26 報導為最早可確認在用的日期，與 ls_annuity.csv 同一組
2024-11-26,111,61,22.65,23,同上（111 年生命表，同第一列來源）
2024-11-26,111,62,21.83,22,同上（111 年生命表，同第一列來源）
2024-11-26,111,63,21.02,21,同上（111 年生命表，同第一列來源）
2024-11-26,111,64,20.21,20,同上（111 年生命表，同第一列來源）
2024-11-26,111,65,19.41,19,同上（111 年生命表，同第一列來源）
2024-11-26,111,66,18.62,19,同上（111 年生命表，同第一列來源）
2024-11-26,111,67,17.84,18,同上（111 年生命表，同第一列來源）
2024-11-26,111,68,17.06,17,同上（111 年生命表，同第一列來源）
2024-11-26,111,69,16.30,16,同上（111 年生命表，同第一列來源）
2024-11-26,111,70,15.55,16,同上（111 年生命表，同第一列來源）
2024-11-26,111,71,14.82,15,同上（111 年生命表，同第一列來源）
2024-11-26,111,72,14.10,14,同上（111 年生命表，同第一列來源）
2024-11-26,111,73,13.39,13,同上（111 年生命表，同第一列來源）
2024-11-26,111,74,12.70,13,同上（111 年生命表，同第一列來源）
2024-11-26,111,75,12.02,12,同上（111 年生命表，同第一列來源）
2024-11-26,111,76,11.35,11,同上（111 年生命表，同第一列來源）
2024-11-26,111,77,10.70,11,同上（111 年生命表，同第一列來源）
2024-11-26,111,78,10.06,10,同上（111 年生命表，同第一列來源）
2024-11-26,111,79,9.44,9,同上（111 年生命表，同第一列來源）
2024-11-26,111,80,8.82,9,同上（111 年生命表，同第一列來源）
2024-11-26,111,81,8.21,8,同上（111 年生命表，同第一列來源）
2024-11-26,111,82,7.62,8,同上（111 年生命表，同第一列來源）
2024-11-26,111,83,7.03,7,同上（111 年生命表，同第一列來源）
2024-11-26,111,84,6.44,6,同上（111 年生命表，同第一列來源）
2024-11-26,111,85,5.85,6,同上（111 年生命表，同第一列來源）
