effective,grade,max_wage,monthly_wage,source
2026-01-01,1,1500,1500,勞動部 114.11.24 勞動福3字第1140153598號令修正發布之勞工退休金月提繳分級表（115.1.1 生效）
2026-01-01,2,3000,3000,同上
2026-01-01,3,4500,4500,同上
2026-01-01,4,6000,6000,同上
2026-01-01,5,7500,7500,同上
2026-01-01,6,8700,8700,同上
2026-01-01,7,9900,9900,同上
2026-01-01,8,11100,11100,同上
2026-01-01,9,12540,12540,同上
2026-01-01,10,13500,13500,同上
2026-01-01,11,15840,15840,同上
2026-01-01,12,16500,16500,同上
2026-01-01,13,17280,17280,同上
2026-01-01,14,17880,17880,同上
2026-01-01,15,19047,19047,同上
2026-01-01,16,20008,20008,同上
2026-01-01,17,21009,21009,同上
2026-01-01,18,22000,22000,同上
2026-01-01,19,23100,23100,同上
2026-01-01,20,24000,24000,同上
2026-01-01,21,25250,25250,同上
2026-01-01,22,26400,26400,同上
2026-01-01,23,27600,27600,同上
2026-01-01,24,28590,28590,同上
2026-01-01,25,29500,29500,同上
2026-01-01,26,30300,30300,同上
2026-01-01,27,31800,31800,同上
2026-01-01,28,33300,33300,同上
2026-01-01,29,34800,34800,同上
2026-01-01,30,36300,36300,同上
2026-01-01,31,38200,38200,同上
2026-01-01,32,40100,40100,同上
2026-01-01,33,42000,42000,同上
2026-01-01,34,43900,43900,同上
2026-01-01,35,45800,45800,同上
2026-01-01,36,48200,48200,同上
2026-01-01,37,50600,50600,同上
2026-01-01,38,53000,53000,同上
2026-01-01,39,55400,55400,同上
2026-01-01,40,57800,57800,同上
2026-01-01,41,60800,60800,同上
2026-01-01,42,63800,63800,同上
2026-01-01,43,66800,66800,同上
2026-01-01,44,69800,69800,同上
2026-01-01,45,72800,72800,同上
2026-01-01,46,76500,76500,同上
2026-01-01,47,80200,80200,同上
2026-01-01,48,83900,83900,同上
2026-01-01,49,87600,87600,同上
2026-01-01,50,92100,92100,同上
2026-01-01,51,96600,96600,同上
2026-01-01,52,101100,101100,同上
2026-01-01,53,105600,105600,同上
2026-01-01,54,110100,110100,同上
2026-01-01,55,115500,115500,同上
2026-01-01,56,120900,120900,同上
2026-01-01,57,126300,126300,同上
2026-01-01,58,131700,131700,同上
2026-01-01,59,137100,137100,同上
2026-01-01,60,142500,142500,同上
2026-01-01,61,147900,147900,同上
2026-01-01,62,,150000,同上
